start,end,phone,mean_log_likelihood
0.005999999586492777,0.030000001192092896,k,-51.590824127197266
0.030000001192092896,0.06199999898672104,i:,-59.25591278076172
0.06199999898672104,0.0860000029206276,j,-52.352892557779946
0.0860000029206276,0.10199999809265137,N,-55.580461502075195
0.10199999809265137,0.14999999105930328,i:,-50.39125442504883
0.15000000596046448,0.16599999368190765,j,-49.630043029785156
0.16600000858306885,0.20600000023841858,i:,-44.06320343017578
0.20600000023841858,0.23799999058246613,v,-49.650840759277344
0.23800000548362732,0.2459999918937683,a,-41.337921142578125
0.2460000067949295,0.2540000081062317,N,-45.20683670043945
0.2539999783039093,0.27000001072883606,L,-44.2805233001709
0.26999998092651367,0.27799999713897705,j,-37.89697265625
0.27799999713897705,0.28600001335144043,r,-35.719512939453125
0.28599998354911804,0.3020000159740448,a:,-41.52747344970703
0.3019999861717224,0.31800001859664917,a,-41.00236892700195
0.3179999887943268,0.33400002121925354,e:,-44.117828369140625
0.33399999141693115,0.34200000762939453,n,-42.76157760620117
0.34199997782707214,0.3580000102519989,m,-46.0651969909668
0.3579999804496765,0.3659999966621399,n,-44.2393798828125
0.3659999966621399,0.39800000190734863,m,-43.18489360809326
0.39800000190734863,0.414000004529953,n,-45.588653564453125
0.414000004529953,0.4220000207424164,o,-55.18666076660156
0.421999990940094,0.4300000071525574,a,-53.24916076660156
0.429999977350235,0.43799999356269836,e:,-42.39893341064453
0.43799999356269836,0.49400001764297485,s,-44.78402982439314
0.49399998784065247,0.5099999904632568,c,-47.4111270904541
0.5099999904632568,0.5180000066757202,s,-48.874080657958984
0.5180000066757202,0.550000011920929,k,-49.23575496673584
0.550000011920929,0.5580000281333923,l,-56.658599853515625
0.5579999685287476,0.5740000009536743,t,-56.19919395446777
0.5740000009536743,0.5820000171661377,a,-52.94062805175781
0.5820000171661377,0.5979999899864197,o,-53.34575080871582
0.5979999899864197,0.6140000224113464,a:,-51.097389221191406
0.6139999628067017,0.621999979019165,C,-49.77610778808594
0.621999979019165,0.6299999952316284,d,-49.89167404174805
0.6299999952316284,0.6620000004768372,p,-44.35085678100586
0.6620000004768372,0.6700000166893005,b,-44.21506118774414
0.6700000166893005,0.6940000057220459,r,-43.55024337768555
0.6940000057220459,0.7179999947547913,o:,-47.89308293660482
0.7179999947547913,0.734000027179718,o,-46.8165225982666
0.7339999675750732,0.7419999837875366,g,-40.46425247192383
0.7419999837875366,0.7580000162124634,b,-40.1484317779541
0.7580000162124634,0.7739999890327454,n,-43.842411041259766
0.7739999890327454,0.8059999942779541,m,-40.142154693603516
0.8059999942779541,0.8379999995231628,n,-41.63553810119629
0.8379999995231628,0.8540000319480896,o,-43.8417854309082
0.8539999723434448,0.878000020980835,v,-38.646724700927734
0.878000020980835,0.8860000371932983,o,-37.02720642089844
0.8859999775886536,0.8939999938011169,l,-40.928619384765625
0.8939999938011169,0.9020000100135803,o:,-40.900596618652344
0.9020000100135803,0.9100000262260437,o,-46.20612716674805
0.9099999666213989,0.9179999828338623,o:,-47.65660858154297
0.9179999828338623,0.9259999990463257,u,-48.16370391845703
0.9259999990463257,0.9340000152587891,g,-51.86085510253906
0.9340000152587891,0.9580000042915344,s,-48.46615982055664
0.9580000042915344,0.9980000257492065,z,-44.28196258544922
0.9979999661445618,1.0059999227523804,o,-46.07233428955078
1.00600004196167,1.0139999389648438,r:,-50.967132568359375
1.0140000581741333,1.0779999494552612,z,-40.42459583282471
1.0780000686645508,1.093999981880188,s,-41.920372009277344
1.0940001010894775,1.1019999980926514,c,-42.478206634521484
1.1019999980926514,1.1099998950958252,a,-45.551368713378906
1.1100000143051147,1.125999927520752,o,-52.296226501464844
1.1260000467300415,1.1419999599456787,a:,-47.250993728637695
1.1420000791549683,1.149999976158142,d,-47.193641662597656
1.1500000953674316,1.1979999542236328,p,-45.74396578470866
1.1980000734329224,1.222000002861023,o,-50.58346303304037
1.222000002861023,1.2379999160766602,o:,-51.050437927246094
1.2380000352859497,1.3179999589920044,s,-47.42229461669922
1.318000078201294,1.3259999752044678,c,-43.3079948425293
1.3260000944137573,1.3339999914169312,s,-56.59690475463867
1.3340001106262207,1.3420000076293945,i,-56.423282623291016
1.3420000076293945,1.3499999046325684,e,-49.99271774291992
1.350000023841858,1.3579999208450317,o,-50.82965087890625
1.3580000400543213,1.3659999370574951,C,-57.23306655883789
1.3660000562667847,1.3739999532699585,b,-45.139034271240234
1.374000072479248,1.3819999694824219,t,-41.524478912353516
1.3820000886917114,1.437999963760376,p,-47.14258793422154
1.4380000829696655,1.4539999961853027,o,-49.28055763244629
1.4539999961853027,1.4619998931884766,u:,-43.849117279052734
1.4620000123977661,1.49399995803833,v,-35.894060134887695
1.4940000772476196,1.5499999523162842,o:,-39.78805923461914
1.5500000715255737,1.5579999685287476,o,-46.838958740234375
1.558000087738037,1.5819998979568481,b,-42.660804748535156
1.5820000171661377,1.5899999141693115,d,-43.610721588134766
1.590000033378601,1.6139999628067017,m,-42.348541259765625
1.6140000820159912,1.621999979019165,d,-44.32870101928711
1.6220000982284546,1.6379998922348022,t,-49.142723083496094
1.6380000114440918,1.653999924659729,e,-48.757232666015625
1.6540000438690186,1.6619999408721924,N,-50.28998947143555
1.662000060081482,1.6699999570846558,e:,-50.23448944091797
1.6700000762939453,1.6779999732971191,e,-61.158321380615234
1.6780000925064087,1.6859999895095825,a,-55.492000579833984
1.686000108718872,1.694000005722046,h,-54.97733688354492
1.694000005722046,1.7019999027252197,a,-55.376644134521484
1.7020000219345093,1.709999918937683,d,-59.37004089355469
1.7100000381469727,1.7339999675750732,g,-53.16510772705078
1.7340000867843628,1.7419999837875366,k,-51.324462890625
1.7420001029968262,1.75,m,-45.65637969970703
1.75,1.7579998970031738,e,-44.1837158203125
1.7580000162124634,1.7739999294281006,d,-43.50577163696289
1.7740000486373901,1.781999945640564,t,-39.964256286621094
1.7820000648498535,1.7899999618530273,k,-44.4360466003418
1.790000081062317,1.7979999780654907,a,-43.98473358154297
1.7980000972747803,1.805999994277954,k,-48.38515853881836
1.805999994277954,1.8219999074935913,e,-43.775177001953125
1.8220000267028809,1.8299999237060547,m,-42.89951705932617
1.8300000429153442,1.8619999885559082,k,-44.34109020233154
1.8620001077651978,1.8779999017715454,a,-43.35972595214844
1.878000020980835,1.8859999179840088,p,-47.07143020629883
1.8860000371932983,2.0219998359680176,t,-40.1551944508272
2.0220000743865967,2.0299999713897705,k,-49.27973937988281
2.0299999713897705,2.0379998683929443,p,-48.451446533203125
2.0380001068115234,2.0460000038146973,t,-50.4954719543457
2.0460000038146973,2.062000036239624,k,-53.8582706451416
2.062000036239624,2.0779998302459717,t,-54.193424224853516
2.078000068664551,2.0859999656677246,d,-54.76741409301758
2.0859999656677246,2.109999895095825,k,-46.0304069519043
2.1100001335144043,2.1499998569488525,t,-40.702822875976565
2.1500000953674316,2.1659998893737793,k,-43.92873001098633
2.1660001277923584,2.1740000247955322,cc,-45.84500503540039
2.1740000247955322,2.181999921798706,k,-42.172977447509766
2.182000160217285,2.190000057220459,d,-43.51824188232422
2.190000057220459,2.246000051498413,k,-39.25622286115374
2.246000051498413,2.253999948501587,t,-38.829952239990234
2.253999948501587,2.2619998455047607,k,-35.774505615234375
2.26200008392334,2.2779998779296875,e,-38.02121543884277
2.2780001163482666,2.3339998722076416,k,-39.739584241594585
2.3340001106262207,2.3420000076293945,e,-38.30611038208008
2.3420000076293945,2.3499999046325684,t,-40.425193786621094
2.3500001430511475,2.3980000019073486,k,-41.27658462524414
2.3980000019073486,2.421999931335449,t,-39.27458826700846
2.4220001697540283,2.437999963760376,k,-47.969465255737305
2.437999963760376,2.4539999961853027,t,-42.389156341552734
2.4539999961853027,2.4619998931884766,d,-43.490455627441406
2.4620001316070557,2.4779999256134033,t,-51.718421936035156
2.4780001640319824,2.4860000610351562,p,-52.67664337158203
2.4860000610351562,2.49399995803833,v,-46.802242279052734
2.49399995803833,2.557999849319458,n,-49.35456848144531
2.558000087738037,2.5739998817443848,a:,-42.95330619812012
2.574000120162964,2.5899999141693115,a,-39.907135009765625
2.5900001525878906,2.5980000495910645,N,-50.09807205200195
2.5980000495910645,2.6059999465942383,i,-42.35102081298828
2.6059999465942383,2.621999979019165,j,-38.106523513793945
2.621999979019165,2.629999876022339,i:,-33.36922073364258
2.630000114440918,2.685999870300293,j,-30.650631768362864
2.686000108718872,2.694000005722046,L,-35.77510070800781
2.694000005722046,2.741999864578247,a:,-40.43188985188802
2.742000102996826,2.75,r,-41.64387512207031
2.75,2.757999897003174,j,-37.067771911621094
2.758000135421753,2.7660000324249268,r,-40.991573333740234
2.7660000324249268,2.7739999294281006,e:,-34.71080780029297
2.7740001678466797,2.7820000648498535,e,-40.75163650512695
2.7820000648498535,2.7899999618530273,e:,-36.133548736572266
2.7899999618530273,2.797999858856201,e,-36.100101470947266
2.7980000972747803,2.805999994277954,r:,-39.22212219238281
2.805999994277954,2.8299999237060547,r,-43.79943974812826
2.830000162124634,2.8380000591278076,d,-45.10808181762695
2.8380000591278076,2.8539998531341553,a,-42.565412521362305
2.8540000915527344,2.869999885559082,e,-43.67177200317383
2.870000123977661,2.9019999504089355,m,-39.81121349334717
2.9019999504089355,2.9099998474121094,r:,-39.08299255371094
2.9100000858306885,2.934000015258789,m,-37.95904795328776
2.934000015258789,2.950000047683716,n,-42.04656410217285
2.950000047683716,2.9819998741149902,o,-43.851284980773926
2.9820001125335693,2.990000009536743,b,-45.432613372802734
2.990000009536743,3.00600004196167,u,-44.01642036437988
3.00600004196167,3.0299999713897705,p,-46.51894505818685
3.0299999713897705,3.0379998683929443,f,-45.313053131103516
3.0380001068115234,3.062000036239624,p,-51.11101786295573
3.062000036239624,3.0779998302459717,r:,-44.36474609375
3.078000068664551,3.0939998626708984,r,-41.50298881530762
3.0940001010894775,3.109999895095825,e:,-44.76968765258789
3.1100001335144043,3.118000030517578,e,-42.722015380859375
3.118000030517578,3.125999927520752,r:,-44.514122009277344
3.126000165939331,3.134000062942505,e:,-43.6817741394043
3.134000062942505,3.1419999599456787,r:,-35.146358489990234
3.1419999599456787,3.1579999923706055,e:,-35.1345329284668
3.1579999923706055,3.1659998893737793,e,-36.71651077270508
3.1660001277923584,3.1740000247955322,e:,-42.828125
3.1740000247955322,3.2300000190734863,t,-43.06571633475168
3.2300000190734863,3.23799991607666,e:,-44.24378204345703
3.2380001544952393,3.246000051498413,e,-39.534027099609375
3.246000051498413,3.253999948501587,r:,-45.69869613647461
3.253999948501587,3.2619998455047607,e,-47.44584274291992
3.26200008392334,3.3499999046325684,Z,-45.25858757712624
3.3500001430511475,3.373999834060669,j,-46.0492909749349
3.374000072479248,3.381999969482422,i,-46.993568420410156
3.381999969482422,3.3980000019073486,e:,-42.532392501831055
3.3980000019073486,3.4059998989105225,i:,-44.43218994140625
3.4060001373291016,3.421999931335449,i,-40.80754280090332
3.4220001697540283,3.430000066757202,t,-46.20769119262695
3.430000066757202,3.437999963760376,e,-48.05469512939453
3.437999963760376,3.44599986076355,k,-46.53908920288086
3.446000099182129,3.4619998931884766,t,-51.559654235839844
3.4620001316070557,3.4779999256134033,d,-52.89020538330078
3.4780001640319824,3.509999990463257,t,-57.02897930145264
3.509999990463257,3.5339999198913574,u:,-49.6081288655599
3.5340001583099365,3.5420000553131104,u,-42.101253509521484
3.5420000553131104,3.549999952316284,v,-36.190773010253906
3.549999952316284,3.7019999027252197,o,-39.8104103489926
3.702000141143799,3.7100000381469727,t,-36.48442077636719
3.7100000381469727,3.7259998321533203,e,-37.59496879577637
3.7260000705718994,3.7339999675750732,k,-48.75733184814453
3.7339999675750732,3.741999864578247,p,-48.994895935058594
3.742000102996826,3.757999897003174,k,-51.38868713378906
3.758000135421753,3.7660000324249268,h,-61.502540588378906
3.7660000324249268,3.7739999294281006,u,-52.61265563964844
3.7740001678466797,3.7899999618530273,o,-51.72180938720703
3.7899999618530273,3.885999917984009,k,-49.36874294281006
3.886000156402588,3.8940000534057617,h,-50.227413177490234
3.8940000534057617,3.9099998474121094,k,-50.117332458496094
3.9100000858306885,3.9179999828338623,a:,-41.26028823852539
3.9179999828338623,3.925999879837036,o:,-37.25984573364258
3.9260001182556152,3.934000015258789,a:,-46.32330322265625
3.934000015258789,3.941999912261963,o,-39.35832214355469
3.942000150680542,3.9659998416900635,o:,-42.41060892740885
3.9660000801086426,3.9739999771118164,o,-43.63603591918945
3.9739999771118164,3.9819998741149902,o:,-42.473209381103516
3.9820001125335693,3.990000009536743,o,-43.62805938720703
3.990000009536743,3.997999906539917,o:,-54.462860107421875
3.997999906539917,4.022000312805176,u,-46.312662760416664
4.021999835968018,4.03000020980835,o:,-49.63180923461914
4.029999732971191,4.078000068664551,u:,-45.28536160786947
4.077999591827393,4.085999965667725,a,-44.85282516479492
4.085999965667725,4.094000339508057,u:,-49.6116828918457
4.093999862670898,4.1020002365112305,j,-47.698760986328125
4.101999759674072,4.142000198364258,n,-44.49590530395508
4.1419997215271,4.1579999923706055,o,-46.41534614562988
4.1579999923706055,4.1660003662109375,u,-46.5240364074707
4.165999889373779,4.174000263214111,u:,-48.238555908203125
4.173999786376953,4.190000057220459,d,-48.45625877380371
4.189999580383301,4.197999954223633,k,-55.2181396484375
4.197999954223633,4.230000019073486,t,-51.86974811553955
4.230000019073486,4.26200008392334,r:,-41.87868309020996
4.261999607086182,4.2860002517700195,r,-36.00190226236979
4.285999774932861,4.294000148773193,r:,-55.05635070800781
4.293999671936035,4.302000045776367,S,-45.164207458496094
4.302000045776367,4.310000419616699,dz,-44.45730972290039
4.309999942779541,4.366000175476074,S,-45.46673257010324
4.365999698638916,4.381999969482422,cc,-46.878414154052734
4.381999969482422,4.398000240325928,C,-39.40912055969238
4.3979997634887695,4.414000034332275,a,-40.5285587310791
4.414000034332275,4.422000408172607,e,-37.42281723022461
4.421999931335449,4.430000305175781,a,-40.67584991455078
4.429999828338623,4.438000202178955,r:,-38.6290168762207
4.437999725341797,4.446000099182129,z,-39.59365463256836
4.445999622344971,4.453999996185303,s,-41.251609802246094
4.453999996185303,4.462000370025635,z,-44.51858139038086
4.461999893188477,4.510000228881836,s,-44.47321319580078
4.509999752044678,4.51800012588501,t,-43.853572845458984
4.517999649047852,4.526000022888184,p,-40.980499267578125
4.526000022888184,4.565999984741211,t,-40.883141326904294
4.565999984741211,4.574000358581543,j,-41.50428009033203
4.573999881744385,4.582000255584717,i,-40.402061462402344
4.581999778747559,4.5980000495910645,e,-44.85185432434082
4.5980000495910645,4.6060004234313965,i,-48.50112533569336
4.605999946594238,4.61400032043457,e,-42.859249114990234
4.613999843597412,4.622000217437744,d,-43.148155212402344
4.621999740600586,4.630000114440918,t,-47.63951873779297
4.62999963760376,4.638000011444092,g,-54.39152526855469
4.638000011444092,4.646000385284424,N,-44.90520477294922
4.645999908447266,4.694000244140625,i:,-43.364139556884766
4.693999767303467,4.734000205993652,j,-42.47285842895508
4.733999729156494,4.758000373840332,e:,-53.39023081461588
4.757999897003174,4.766000270843506,e,-50.23370361328125
4.765999794006348,4.77400016784668,r:,-45.04447555541992
4.7739996910095215,4.798000335693359,l,-49.957558949788414
4.797999858856201,4.806000232696533,v,-40.737335205078125
4.805999755859375,4.814000129699707,l,-46.433937072753906
4.813999652862549,4.838000297546387,o,-50.341793060302734
4.8379998207092285,4.878000259399414,m,-40.73471374511719
4.877999782562256,4.894000053405762,v,-38.62883758544922
4.8939995765686035,4.9019999504089355,e,-39.235992431640625
4.9019999504089355,4.918000221252441,i,-45.83009147644043
4.917999744415283,5.038000106811523,c,-39.25323295593262
5.037999629974365,5.046000003814697,cc,-52.070884704589844
5.046000003814697,5.070000171661377,e,-51.11385854085287
5.069999694824219,5.1660003662109375,s,-45.96390183766683
5.165999889373779,5.182000160217285,u:,-52.0881290435791
5.181999683380127,5.190000057220459,u,-52.99198532104492
5.189999580383301,5.206000328063965,u:,-51.20042037963867
5.205999851226807,5.214000225067139,o,-52.568058013916016
5.2139997482299805,5.2220001220703125,u:,-46.95107650756836
5.221999645233154,5.230000019073486,n,-43.760719299316406
5.230000019073486,5.238000392913818,u:,-46.29526901245117
5.23799991607666,5.302000045776367,m,-36.60931444168091
5.302000045776367,5.310000419616699,n,-47.19589614868164
5.309999942779541,5.381999969482422,C,-49.08904139200846
5.381999969482422,5.390000343322754,S,-48.02889633178711
5.389999866485596,5.398000240325928,C,-55.519813537597656
5.3979997634887695,5.414000034332275,S,-47.15022659301758
5.414000034332275,5.422000408172607,l,-50.97039031982422
5.421999931335449,5.430000305175781,DZ,-52.2535400390625
5.429999828338623,5.438000202178955,r:,-45.0987548828125
5.437999725341797,5.446000099182129,a:,-38.47523880004883
5.445999622344971,5.453999996185303,a,-43.977561950683594
5.453999996185303,5.49399995803833,n,-42.527792358398436
5.49399995803833,5.510000228881836,r,-43.89444541931152
5.509999752044678,5.51800012588501,n,-40.47322463989258
5.517999649047852,5.526000022888184,r,-47.47224044799805
5.526000022888184,5.534000396728516,f,-49.505889892578125
5.533999919891357,5.5420002937316895,a,-40.256141662597656
5.541999816894531,5.565999984741211,a:,-43.98026021321615
5.565999984741211,5.574000358581543,v,-42.92799758911133
5.573999881744385,5.6060004234313965,a:,-48.18833637237549
5.605999946594238,5.61400032043457,h,-48.21576690673828
5.613999843597412,5.630000114440918,a:,-47.1142520904541
5.62999963760376,5.646000385284424,a,-51.35356140136719
5.645999908447266,5.6620001792907715,o,-53.11994743347168
5.661999702453613,5.670000076293945,m,-55.54063034057617
5.669999599456787,5.694000244140625,o,-54.277015686035156
5.693999767303467,5.702000141143799,a,-45.769508361816406
5.701999664306641,5.710000038146973,t,-44.147254943847656
5.710000038146973,5.718000411987305,a,-43.87712860107422
5.7179999351501465,5.734000205993652,t,-40.39200401306152
5.733999729156494,5.742000102996826,a,-39.303314208984375
5.741999626159668,5.75,m,-50.34000778198242
5.75,5.766000270843506,p,-44.56154823303223
5.765999794006348,5.7820000648498535,k,-49.54817008972168
5.781999588012695,5.798000335693359,o,-55.084434509277344
5.797999858856201,5.806000232696533,a,-45.910301208496094
5.805999755859375,5.814000129699707,o,-40.50948715209961
5.813999652862549,5.822000026702881,o:,-56.04719161987305
5.822000026702881,5.8460001945495605,p,-53.001757303873696
5.845999717712402,5.854000091552734,k,-54.21609878540039
5.853999614715576,5.87000036239624,b,-54.137434005737305
5.869999885559082,5.9019999504089355,o:,-46.06343078613281
5.9019999504089355,5.926000118255615,o,-42.92979303995768
5.925999641418457,5.942000389099121,b,-42.72633743286133
5.941999912261963,5.950000286102295,u:,-44.921268463134766
5.949999809265137,5.958000183105469,b,-44.98248291015625
5.9579997062683105,5.973999977111816,g,-53.535980224609375
5.973999977111816,5.998000144958496,b,-51.363904317220054
5.997999668121338,6.046000003814697,l,-45.43024126688639
6.046000003814697,6.054000377655029,a:,-53.125343322753906
6.053999900817871,6.078000068664551,a,-44.65365854899088
6.077999591827393,6.085999965667725,a:,-44.49889373779297
6.085999965667725,6.094000339508057,a,-44.329254150390625
6.093999862670898,6.110000133514404,a:,-44.01409149169922
6.109999656677246,6.12600040435791,C,-49.81382369995117
6.125999927520752,6.1579999923706055,cc,-51.556400299072266
6.1579999923706055,6.2220001220703125,C,-51.35087823867798
6.221999645233154,6.230000019073486,v,-51.346195220947266
6.230000019073486,6.238000392913818,n,-50.25389862060547
6.23799991607666,6.246000289916992,v,-49.48002624511719
6.245999813079834,6.26200008392334,l,-50.170881271362305
6.261999607086182,6.269999980926514,a,-54.04925537109375
6.269999980926514,6.278000354766846,u,-56.43693161010742
6.2779998779296875,6.294000148773193,l,-59.35531425476074
6.293999671936035,6.310000419616699,v,-59.47241973876953
6.309999942779541,6.318000316619873,r,-57.81303024291992
6.317999839782715,6.326000213623047,L,-53.39501190185547
6.325999736785889,6.366000175476074,i,-42.47163009643555
6.365999698638916,6.374000072479248,c,-40.28459930419922
6.37399959564209,6.390000343322754,t,-51.195457458496094
6.389999866485596,6.398000240325928,g,-47.9416618347168
6.3979997634887695,6.406000137329102,t,-53.051063537597656
6.405999660491943,6.414000034332275,z,-61.06675338745117
6.414000034332275,6.422000408172607,p,-56.27143478393555
6.421999931335449,6.430000305175781,z,-49.93268585205078
6.429999828338623,6.438000202178955,f,-56.099830627441406
6.437999725341797,6.453999996185303,k,-56.48859977722168
6.453999996185303,6.462000370025635,m,-44.41520309448242
6.461999893188477,6.470000267028809,N,-49.56900405883789
6.46999979019165,6.486000061035156,v,-46.24625778198242
6.485999584197998,6.49399995803833,m,-45.957027435302734
6.49399995803833,6.510000228881836,n,-45.736528396606445
6.509999752044678,6.51800012588501,e:,-45.126853942871094
6.517999649047852,6.526000022888184,l,-49.136924743652344
6.526000022888184,6.6060004234313965,u:,-45.51623268127442
6.605999946594238,6.61400032043457,v,-48.12218475341797
6.613999843597412,6.622000217437744,g,-47.82674026489258
6.621999740600586,6.6620001792907715,m,-45.940015411376955
6.661999702453613,6.686000347137451,n,-46.2753054300944
6.685999870300293,6.710000038146973,o,-53.220873514811196
6.710000038146973,6.734000205993652,z,-46.069950103759766
6.733999729156494,6.822000026702881,s,-45.307721918279476
6.822000026702881,6.838000297546387,a,-47.89818000793457
6.8379998207092285,6.8460001945495605,r:,-44.37208557128906
6.845999717712402,6.861999988555908,a,-38.469268798828125
6.861999988555908,6.926000118255615,m,-36.359947681427
6.925999641418457,6.942000389099121,o:,-46.103261947631836
6.941999912261963,6.966000080108643,o,-44.21203486124674
6.965999603271484,6.973999977111816,b,-40.658668518066406
6.973999977111816,6.998000144958496,u,-42.63682428995768
6.997999668121338,7.00600004196167,g,-42.438655853271484
7.00600004196167,7.070000171661377,p,-45.20429182052612
7.069999694824219,7.118000030517578,o:,-51.14125633239746
7.118000030517578,7.12600040435791,n,-51.374629974365234
7.125999927520752,7.134000301361084,m,-41.91402816772461
7.133999824523926,7.142000198364258,n,-42.33708572387695
7.1419997215271,7.1579999923706055,m,-47.86957550048828
7.1579999923706055,7.1660003662109375,n,-49.28710174560547
7.165999889373779,7.174000263214111,m,-50.790924072265625
7.173999786376953,7.182000160217285,l,-61.969459533691406
7.181999683380127,7.190000057220459,e,-48.866336822509766
7.189999580383301,7.214000225067139,i,-45.404622395833336
7.2139997482299805,7.2220001220703125,g,-39.78174591064453
7.221999645233154,7.230000019073486,m,-36.72193908691406
7.230000019073486,7.238000392913818,g,-39.58973693847656
7.23799991607666,7.254000186920166,L,-38.86895561218262
7.253999710083008,7.2860002517700195,i,-38.5621976852417
7.285999774932861,7.294000148773193,e,-35.543983459472656
7.293999671936035,7.326000213623047,d,-45.85726737976074
7.325999736785889,7.334000110626221,i:,-47.038673400878906
7.3339996337890625,7.350000381469727,k,-52.162466049194336
7.349999904632568,7.374000072479248,j,-40.44922892252604
7.37399959564209,7.381999969482422,L,-29.978126525878906
7.381999969482422,7.406000137329102,j,-32.940329233805336
7.405999660491943,7.414000034332275,L,-38.403377532958984
7.414000034332275,7.422000408172607,e,-43.1199951171875
7.421999931335449,7.438000202178955,e:,-39.8154296875
7.437999725341797,7.462000370025635,e,-46.26708857218424
7.461999893188477,7.470000267028809,e:,-44.73303985595703
7.46999979019165,7.478000164031982,p,-48.5364875793457
7.477999687194824,7.49399995803833,t,-54.37800407409668
7.49399995803833,7.502000331878662,i,-53.32286834716797
7.501999855041504,7.510000228881836,k,-48.992919921875
7.509999752044678,7.526000022888184,t,-49.58559226989746
7.526000022888184,7.638000011444092,k,-45.46717480250767
7.638000011444092,7.646000385284424,h,-61.38636016845703
7.645999908447266,7.6620001792907715,k,-57.66304588317871
7.661999702453613,7.677999973297119,h,-60.853349685668945
7.677999973297119,7.694000244140625,k,-61.65395736694336
7.693999767303467,7.718000411987305,g,-64.99775822957356
7.7179999351501465,7.734000205993652,u:,-62.88386344909668
7.733999729156494,7.77400016784668,u,-59.414788818359376
7.7739996910095215,7.7820000648498535,u:,-63.8769416809082
7.781999588012695,7.789999961853027,u,-54.18891525268555
7.789999961853027,7.861999988555908,s,-50.46605555216471
7.861999988555908,7.878000259399414,c,-43.781288146972656
7.877999782562256,7.894000053405762,j,-45.570960998535156
7.8939995765686035,7.918000221252441,e,-47.02373377482096
7.917999744415283,7.942000389099121,v,-41.48697408040365
7.941999912261963,7.958000183105469,n,-38.47528076171875
7.9579997062683105,7.966000080108643,Z,-39.91553497314453
7.965999603271484,7.998000144958496,o,-41.16814136505127
7.997999668121338,8.02199935913086,r:,-40.286251068115234
8.022000312805176,8.029999732971191,l,-49.53375244140625
8.030000686645508,8.038000106811523,r,-46.30284881591797
8.038000106811523,8.069999694824219,o,-52.14438533782959
8.070000648498535,8.1899995803833,z,-38.83359909057617
8.190000534057617,8.21399974822998,a:,-33.200133641560875
8.214000701904297,8.222000122070312,a,-32.611541748046875
8.222000122070312,8.253999710083008,a:,-40.51368999481201
8.254000663757324,8.26200008392334,a,-40.191707611083984
8.26200008392334,8.269999504089355,a:,-44.49726104736328
8.270000457763672,8.277999877929688,a,-39.37014389038086
8.277999877929688,8.285999298095703,a:,-41.74309158325195
8.28600025177002,8.302000045776367,a,-45.005178451538086
8.302000045776367,8.317999839782715,p,-46.3444709777832
8.317999839782715,8.32599925994873,b,-40.703800201416016
8.326000213623047,8.342000007629395,p,-41.96354675292969
8.342000007629395,8.357999801635742,o,-42.56865119934082
8.358000755310059,8.389999389648438,d,-40.846434593200684
8.390000343322754,8.39799976348877,t,-43.897666931152344
8.398000717163086,8.406000137329102,g,-55.31332778930664
8.406000137329102,8.413999557495117,d,-53.75018310546875
8.414000511169434,8.429999351501465,t,-52.780555725097656
8.430000305175781,8.437999725341797,o,-57.02373123168945
8.438000679016113,8.446000099182129,a,-54.55060577392578
8.446000099182129,8.453999519348145,o,-56.63427734375
8.454000473022461,8.461999893188477,a,-51.426361083984375
8.461999893188477,8.469999313354492,b,-46.772003173828125
8.470000267028809,8.477999687194824,m,-40.089900970458984
8.47800064086914,8.486000061035156,b,-39.770179748535156
8.486000061035156,8.501999855041504,m,-36.67815017700195
8.501999855041504,8.50999927520752,n,-41.02195358276367
8.510000228881836,8.517999649047852,u,-39.122764587402344
8.518000602722168,8.5339994430542,d,-47.425933837890625
8.534000396728516,8.59000015258789,p,-46.24957111903599
8.59000015258789,8.645999908447266,o:,-43.87377275739397
8.645999908447266,8.661999702453613,l,-49.34843635559082
8.66200065612793,8.670000076293945,d,-51.589073181152344
8.670000076293945,8.677999496459961,r,-48.981929779052734
8.678000450134277,8.685999870300293,l,-53.614662170410156
8.685999870300293,8.693999290466309,r,-58.659297943115234
8.694000244140625,8.710000038146973,o,-50.23679161071777
8.710000038146973,8.717999458312988,u,-48.1849365234375
8.718000411987305,8.72599983215332,v,-55.08625030517578
8.72599983215332,8.733999252319336,g,-48.57935333251953
8.734000205993652,8.741999626159668,v,-45.0682373046875
8.742000579833984,8.75,l,-42.66998291015625
8.75,8.765999794006348,u,-52.294044494628906
8.766000747680664,8.789999961853027,u:,-52.25136184692383
8.789999961853027,8.797999382019043,C,-54.4919319152832
8.79800033569336,8.805999755859375,u,-50.26738357543945
8.806000709533691,8.86199951171875,C,-54.058261326381135
8.862000465393066,8.877999305725098,S,-50.46499824523926
8.878000259399414,8.88599967956543,C,-51.94797897338867
8.886000633239746,8.90999984741211,cc,-41.616143544514976
8.90999984741211,8.925999641418457,S,-43.395307540893555
8.926000595092773,8.941999435424805,cc,-50.779619216918945
8.942000389099121,8.949999809265137,C,-60.19559860229492
8.950000762939453,8.965999603271484,dz,-49.623695373535156
8.9660005569458,8.973999977111816,DZ,-55.84962463378906
8.973999977111816,8.998000144958496,dz,-46.78315989176432
8.998000144958496,9.029999732971191,u,-45.910569190979004
9.030000686645508,9.038000106811523,u:,-37.775569915771484
9.038000106811523,9.045999526977539,u,-35.35809326171875
9.046000480651855,9.053999900817871,u:,-37.10013198852539
9.053999900817871,9.069999694824219,u,-41.018348693847656
9.070000648498535,9.093999862670898,g,-45.62294896443685
9.093999862670898,9.101999282836914,u,-44.84975051879883
9.10200023651123,9.118000030517578,g,-48.77179527282715
9.118000030517578,9.125999450683594,m,-41.70841598510742
9.12600040435791,9.141999244689941,u,-47.936819076538086
9.142000198364258,9.149999618530273,i,-44.18740463256836
9.15000057220459,9.157999992370605,u,-36.49687957763672
9.157999992370605,9.165999412536621,m,-49.84636688232422
9.166000366210938,9.182000160217285,b,-60.50761413574219
9.182000160217285,9.229999542236328,i:,-53.671653747558594
9.230000495910645,9.23799991607666,j,-44.056148529052734
9.23799991607666,9.253999710083008,i:,-48.21055603027344
9.254000663757324,9.269999504089355,j,-46.40186309814453
9.270000457763672,9.302000045776367,u,-54.22045040130615
9.302000045776367,9.309999465942383,u:,-50.98908615112305
9.3100004196167,9.317999839782715,u,-56.763633728027344
9.317999839782715,9.32599925994873,g,-51.54443359375
9.326000213623047,9.333999633789062,u:,-55.00544357299805
9.334000587463379,9.357999801635742,u,-59.34789911905924
9.358000755310059,9.366000175476074,b,-72.18292236328125
9.366000175476074,9.37399959564209,u,-59.78581619262695
9.374000549316406,9.413999557495117,l,-47.28331832885742
9.414000511169434,9.42199993133545,i,-46.29652786254883
9.42199993133545,9.429999351501465,i:,-45.308536529541016
9.430000305175781,9.446000099182129,i,-48.11321258544922
9.446000099182129,9.461999893188477,h,-36.13368606567383
9.461999893188477,9.469999313354492,dz,-40.45307159423828
9.470000267028809,9.477999687194824,h,-44.21702575683594
9.47800064086914,9.517999649047852,i,-37.72500381469727
9.518000602722168,9.557999610900879,h,-51.12418823242187
9.558000564575195,9.565999984741211,i,-51.342079162597656
9.565999984741211,9.581999778747559,d,-46.456336975097656
9.582000732421875,9.717999458312988,c,-42.974585364846625
9.718000411987305,9.765999794006348,j,-55.673030853271484
9.766000747680664,9.781999588012695,h,-52.79220771789551
9.782000541687012,9.789999961853027,u,-59.84452819824219
9.789999961853027,9.797999382019043,m,-54.555789947509766
9.79800033569336,9.805999755859375,i,-51.31636047363281
9.806000709533691,9.821999549865723,p,-44.84228706359863
9.822000503540039,9.83799934387207,t,-38.37080955505371
9.838000297546387,9.845999717712402,m,-38.52403259277344
9.846000671386719,9.86199951171875,t,-35.831865310668945
9.862000465393066,9.877999305725098,p,-36.29836654663086
9.878000259399414,9.88599967956543,t,-34.646690368652344
9.886000633239746,9.901999473571777,e,-36.30167770385742
9.902000427246094,9.90999984741211,a,-34.81187438964844
9.90999984741211,9.941999435424805,e,-36.619784355163574
9.942000389099121,9.981999397277832,t,-37.69479522705078
